{"voxel_size": 0.006640625, "block_size": 30, "grid_width": 512, "grid_height": 512, "grid_depth": 512, "atlas_width": 2048, "atlas_height": 2048, "atlas_depth": 32, "num_slices": 8, "min_x": -1.7, "min_y": -1.7, "min_z": -1.7, "atlas_blocks_x": 64, "atlas_blocks_y": 64, "atlas_blocks_z": 1, "input_height": 800.0, "input_width": 800.0, "input_focal": 1492.820323027551, "worldspace_T_opengl": [[-1.0, 0.0, 0.0, 0.0], [0.0, 0.0, 1.0, 0.0], [0.0, 1.0, 0.0, 0.0], [0.0, 0.0, 0.0, 1.0]], "ndc": false, "0_weights": [[-0.08388786017894745, 0.12642645835876465, -0.337346613407135, -0.2273482382297516, -0.04394754394888878, 0.15014798939228058, -0.21476997435092926, 0.10043124854564667, -0.14663165807724, -0.068765789270401, -0.06272193044424057, -0.07254618406295776, -0.038212813436985016, -0.19368506968021393, -0.16142630577087402, -0.03155193477869034], [0.3218115270137787, 0.20492719113826752, 0.20263320207595825, -0.06200098991394043, -0.3212161362171173, -0.3065066337585449, -0.17338477075099945, -0.12765835225582123, -0.3657280504703522, -0.09277097135782242, -0.30249321460723877, -0.00682417768985033, 0.016405001282691956, -0.051228076219558716, 0.007735940627753735, 0.1141698881983757], [0.040220096707344055, -0.1615774929523468, 0.40832868218421936, 0.05502820014953613, -0.3873765468597412, 0.23308119177818298, -0.12854717671871185, 0.07566333562135696, 0.257095068693161, -0.04242366552352905, -0.05820083990693092, -0.27388501167297363, -0.14866729080677032, 0.06815949082374573, -0.3698001801967621, -0.2659841775894165], [0.13156169652938843, -0.07662594318389893, -0.3133017420768738, 0.10279592871665955, -0.010995476506650448, -0.24530154466629028, -0.23834224045276642, 0.24014544486999512, 0.36754387617111206, -0.07580775022506714, -0.27835190296173096, -0.12380819767713547, 0.11923393607139587, -0.17060449719429016, -0.002992179710417986, -0.08723586052656174], [-0.04610767215490341, 0.13806286454200745, -0.10074885934591293, 0.19689515233039856, 0.11348595470190048, 0.14601941406726837, 0.37306880950927734, 0.2393726110458374, 0.21379311382770538, -0.19728390872478485, -0.13960163295269012, 0.15517906844615936, 0.10242816805839539, -0.10123711824417114, -0.08108368515968323, 0.18091607093811035], [-0.049202051013708115, -0.18329095840454102, -0.10156206041574478, -0.3718373477458954, 0.10066815465688705, -0.3049536347389221, 0.4143422544002533, -0.22432740032672882, -0.2957282066345215, 0.007250021677464247, 0.07953697443008423, 0.13481754064559937, -0.03375624492764473, -0.10229173302650452, -0.34665295481681824, 0.037949614226818085], [-0.07998333871364594, 0.17928266525268555, -0.30162471532821655, 0.01744694449007511, 0.0915805846452713, 0.17274224758148193, 0.33611148595809937, -0.1690785437822342, 0.08495520055294037, -0.005668821278959513, -0.07043112069368362, 0.155443474650383, 0.016078375279903412, 0.18796981871128082, 0.10597048699855804, -0.06819604337215424], [-0.27760758996009827, -0.2868650257587433, -0.023731155321002007, -0.0729418694972992, -0.17994071543216705, 0.08884778618812561, -0.12640385329723358, -0.06182769313454628, 0.14577032625675201, 0.13822312653064728, 0.2337644398212433, -0.1918763369321823, 0.2556050419807434, 0.20243537425994873, -0.12450172752141953, -0.06635143607854843], [0.28694209456443787, 0.16740570962429047, -0.09442456811666489, -0.14246825873851776, -0.32051700353622437, -0.2608046233654022, -0.022350946441292763, -0.112649105489254, 0.2568192780017853, 0.10131102800369263, -0.3857596516609192, 0.14771276712417603, 0.011464284732937813, -0.12543483078479767, -0.09497963637113571, 0.12710055708885193], [0.028121942654252052, 0.12267367541790009, -0.08181513845920563, -0.00749222794547677, -0.019798079505562782, -0.003294236958026886, -0.09374018758535385, 0.08679594844579697, -0.10137397050857544, 0.040275219827890396, 0.10538233071565628, -0.051086414605379105, 0.005320570897310972, 0.009645560756325722, -0.009367314167320728, 0.10329584032297134], [0.08288220316171646, 0.00539515120908618, -0.05817211791872978, 0.004402034915983677, 0.15690107643604279, -0.006510104984045029, 0.02667165920138359, 0.029598280787467957, -0.12940607964992523, -0.004945595748722553, 0.06575509160757065, 0.0791911706328392, -0.0419241227209568, -0.012755336239933968, 0.10964028537273407, -0.017112838104367256], [0.18408921360969543, -0.13951833546161652, 0.2990509271621704, -0.3000546395778656, -0.07481852173805237, 0.023502115160226822, 0.03733481466770172, 0.16098666191101074, 0.025216689333319664, 0.13343258202075958, -0.045653458684682846, -0.02867971360683441, 0.052229832857847214, 0.14223144948482513, 0.10925843566656113, 0.1115587130188942], [-0.003301049815490842, -0.04933561012148857, -0.14909012615680695, 0.02502097189426422, -0.030493920668959618, -0.07317553460597992, 0.017586657777428627, -0.09913855791091919, -0.12346962094306946, 0.05454644933342934, 0.18640288710594177, 0.027827464044094086, -0.01678120344877243, 0.05876448005437851, 0.03680477663874626, 0.07175501435995102], [0.0018360276008024812, -0.04918033629655838, -0.0050979130901396275, 0.01069747656583786, -0.0033810283057391644, 0.030357355251908302, 0.013208412565290928, 0.1141715869307518, 0.18066993355751038, 0.019502785056829453, -0.19273339211940765, -0.035762205719947815, 0.10788476467132568, -0.12531033158302307, -0.025384750217199326, 0.06842800974845886], [0.11837168782949448, 0.10017021745443344, -0.30326855182647705, -0.18224194645881653, -0.020170116797089577, 0.02560279332101345, -0.01181869488209486, 0.16968992352485657, 0.006260142661631107, 0.0594559907913208, -0.035041000694036484, 0.09018927067518234, 0.0754517987370491, 0.004528612829744816, 0.0539645217359066, 0.17022420465946198], [-0.013773207552731037, -0.3641737401485443, -0.33621102571487427, -0.33818748593330383, 0.3151150047779083, 0.25635144114494324, -0.0366385355591774, 0.23186194896697998, 0.3295116722583771, 0.30109599232673645, -0.3146214783191681, 0.23263230919837952, 0.2073991894721985, -0.318752646446228, 0.0514797568321228, 0.24043767154216766], [0.19536817073822021, 0.05899279937148094, -0.2796194851398468, 0.23296140134334564, 0.04428324103355408, 0.271350622177124, 0.34306231141090393, 0.24614591896533966, -0.18096472322940826, 0.3087729215621948, 0.17604154348373413, -0.019301434978842735, -0.3616345226764679, 0.23989921808242798, 0.23981361091136932, -0.27154040336608887], [0.008819210343062878, 0.05741479620337486, -0.13130606710910797, 0.1610882431268692, 0.29955950379371643, 0.4657866060733795, 0.3650745749473572, 0.14777036011219025, -0.039655860513448715, 0.29811015725135803, 0.3071989119052887, 0.17378154397010803, 0.06148098036646843, -0.13947804272174835, -0.16884127259254456, 0.21360230445861816], [0.10891589522361755, 0.2745848596096039, 0.05311009660363197, 0.21715718507766724, -0.09091565757989883, 0.27594566345214844, 0.18532900512218475, 0.28948575258255005, 0.2175198495388031, 0.11877413094043732, -0.09481912851333618, -0.027898289263248444, 0.05067892372608185, -0.23660248517990112, 0.20744037628173828, -0.10858747363090515], [-0.052157387137413025, 0.11094675958156586, -0.2794078588485718, 0.3668506145477295, -0.12307019531726837, 0.24333027005195618, -0.1254921555519104, 0.06079057976603508, 0.029037153348326683, -0.07661958038806915, -0.06818048655986786, -0.12298370152711868, -0.14460279047489166, 0.23712363839149475, 0.28326427936553955, 0.22360631823539734], [0.4439225494861603, 0.18434230983257294, 0.05718459561467171, 0.04263098165392876, 0.1475154161453247, 0.13844013214111328, 0.127561554312706, 0.10935028642416, 0.11591412127017975, 0.05638211965560913, 0.06699944287538528, 0.012794967740774155, 0.1396186649799347, -0.1219944953918457, 0.008704466745257378, -0.020359786227345467], [-0.07507128268480301, -0.08696717768907547, -0.26536694169044495, 0.047282326966524124, 0.06845302134752274, -0.009381577372550964, -0.035092681646347046, 0.034736402332782745, 0.04153377562761307, -0.12322920560836792, -0.16103589534759521, 